Roma,43
Alwyn,46
Chev,67
Zachariah,43
Gerome,89
Merrill,50
Sutherlan,10
Winfred,67
Gaby,30
Ibrahim,30
Dav,31
Titus,62
Noble,91
Hasheem,1
Myles,58
Don,7
Gaile,30
Terencio,99
Thurstan,55
Mathe,5
Torry,74
Alva,94
Leighton,38
Marcel,77
Timotheus,83
Trevar,26
Bryant,3
Abey,83
Mack,28
Torey,14
Kermy,4
Harald,54
Cleon,56
Wilburt,48
Shurwood,99
Richard,20
Mitchell,31
Ernesto,3
Rube,5
Derk,36
Tye,67
Goober,85
Matt,83
Clyde,31
Tad,28
Karoly,94
Swen,2
Claire,73
Kristoforo,4
Olav,62
Shadow,19
Elton,91
Guido,68
Marco,2
Noland,47
Stinky,97
Emanuel,19
David,41
Meade,21
Hersch,76
Kermit,84
Darrin,66
Cal,17
Stafford,61
Barclay,39
Baxter,48
Paxton,53
Jermaine,33
Pennie,47
Micheil,29
Hubie,46
Kenyon,78
Mackenzie,4
Ivan,94
Raviv,79
Oswald,27
Javier,100
Alphonso,43
Montgomery,67
Stu,13
Marwin,4
Isacco,98
Thoma,3
Arny,14
Merry,57
Dominique,59
Darnell,86
Cecilio,39
Gustavus,20
Alexandr,82
Talbert,56
Brendon,51
Janek,36
Beauregard,94
Baryram,75
Bear,23
Brnaby,23
Remington,26
Birch,66
Drugi,63
Wilek,60
Silvio,6
Nikos,68
Herschel,79
Yorker,82
Saul,70
Robbert,17
Sly,2
Sauncho,11
Samuel,68
Batholomew,75
Gill,48
Hy,67
Noby,71
Sayre,58
Theodore,45
Miner,66
Darnall,46
Maje,59
Jasper,92
Raffaello,86
Neils,100
Cullin,8
Domenico,43
Ignatius,33
Wittie,73
Christos,77
Saunderson,68
Reynard,19
Lorrie,98
Lazare,2
Lamont,17
Stanfield,35
Washington,27
Cliff,40
Marius,23
Giusto,32
Menard,89
Othello,10
Emory,31
Eward,21
Westbrook,28
Krispin,9
Pancho,35
Elwyn,6
Ulric,28
Stafford,65
Thorstein,47
Mandel,93
Boycie,100
Barret,88
Sidney,90
Buddy,67
Filbert,77
Alexandre,43
Wyndham,66
Kaine,30
Christian,95
Lucien,79
Urban,7
Costa,53
Bernarr,76
Avictor,68
Lonny,46
Port,61
Powell,96
Shermie,36
Arnaldo,74
Emilio,22
Vasilis,67
Temp,28
Thane,5
Dagny,96
Prescott,1
Torin,6
Krispin,73
Jonathan,31
Hastie,29
Reid,6
Jourdain,70
Roscoe,63
Gene,63
Trevor,50
Neill,65
Thedrick,45
Reinaldos,99
Baryram,2
Mischa,29
Dionisio,53
Paulie,5
Dar,1
Georgy,16
Justis,59
Bil,34
Darill,72
Vergil,6
Rosco,59
Andre,50
Bradney,70
Derek,92
Roderick,8
Pascal,93
Jermain,63
Sawyere,75
Lauritz,81
Ralf,47
Bent,16
Caryl,9
Noel,58
Walden,25
Hershel,85
Durward,40
Dani,53
Chet,9
Reggie,7
Isidoro,81
Sutherlan,8
Jeno,69
Mayne,65
Jasun,77
Weider,27
Felicio,28
Maddie,76
Bernie,58
Carlin,22
Erroll,17
Fletch,73
Bogart,15
Broddy,33
Dan,62
Yvon,89
Saleem,9
Banky,9
Aubert,26
Maury,74
Ricardo,18
Ashby,18
Noach,72
Clemmy,40
Alejandro,2
Miltie,50
Currie,56
Staffard,93
Reinwald,38
Frank,21
Francklin,29
Jerrie,51
Kev,66
Brock,88
Cirstoforo,66
Chet,63
Des,67
Roderic,22
Kleon,11
Gabe,69
Mick,76
Fee,82
Andrea,96
Reinhold,4
Spike,59
Kenn,40
Kareem,17
Roma,20
Tate,69
Brion,79
Ian,88
Adan,35
Ollie,38
Penny,12
Timmie,28
Stacy,92
Farleigh,18
Stefan,16
Hastings,51
Chickie,3
Barbabas,36
Karoly,36
Daryl,50
Hamlin,73
Desmond,85
Ignacius,43
Dalli,8
Kerk,32
Lief,68
Cos,7
Flint,52
Skyler,57
Aymer,9
Morton,67
Thoma,32
Bobby,94
Knox,36
Izaak,53
Orion,47
Chicky,18
Grannie,67
Erl,77
Gerald,68
Conant,8
Jackson,44
Roosevelt,83
Hillyer,63
Ulrich,48
Christiano,100
Lyle,28
Laurent,55
Brand,54
Ruprecht,1
Reube,3
Waldemar,54
Brent,69
Silvester,52
Toiboid,7
Edd,19
Woodrow,50
Nealon,62
Lorrie,30
Micah,27
Lanie,35
Daryle,5
Maje,70
Allin,41
Tomaso,38
Rex,43
Broderick,63
Avigdor,97
Derrick,19
Stavros,87
Glenden,70
Nicholas,78
Jae,48
Herbert,1
Bryanty,96
Prinz,29
Chucho,67
Adolpho,47
Falito,70
Bard,57
Ced,17
Araldo,81
Gianni,30
Tannie,40
Buckie,52
Guido,91
Peirce,100
Gradeigh,97
Valle,33
Evyn,94
Pebrook,2
Roberto,91
Gerri,90
Farleigh,14
Lalo,30
Rubin,3
Gus,34
Don,90
Temp,97
Rollins,36
Hastings,68
Boone,5
Reagan,88
Gayler,35
Winnie,24
Charlie,99
Fidole,63
Tammy,90
Sigismondo,87
Michel,86
Kirk,12
Sebastian,19
Raimondo,73
Anatole,14
Xerxes,47
Howie,95
Frank,70
Adair,53
Ignacius,38
Trey,92
Ellsworth,43
Xymenes,36
Orton,93
Mathew,88
Ogdan,88
Ambrose,72
Joshua,37
Vanya,40
Neville,71
Dimitry,32
Englebert,61
Micheal,10
Even,71
Sayers,7
Jeramie,36
Peyton,23
Rip,76
Hew,61
Daniel,53
Elvyn,34
Alasteir,45
Herbert,66
Marchall,65
Uri,33
Wyn,58
Davidson,16
Meredeth,44
Gery,13
William,98
Augustin,72
Wolfgang,63
Sergeant,79
Aharon,41
Ximenez,13
Carrol,45
Edgardo,23
Sammie,1
Xenos,19
Dimitry,75
Witty,16
Brew,8
Harcourt,13
Court,3
Rick,28
Mead,86
Tobie,57
Feodor,71
Kimble,63
Giavani,90
Teodor,25
Kelwin,2
Amos,48
Rutter,14
Chuck,44
Giuseppe,33
Perice,95
Odey,46
Wes,5
Rees,34
Carlos,75
Laurie,43
Paulo,83
Nickolas,90
Lewes,69
Nester,45
Jarrid,3
Abey,4
Euell,7
Hillie,95
Hoebart,82
Arturo,63
Heall,14
Farley,81
Sancho,63
Gib,41
Sterne,16
Keith,80
Horst,88
Ange,76
Gunther,63
Godard,64
Winn,83
D'arcy,71
Dorian,82
Eward,59
Skipper,26
Joaquin,43
Cameron,28
Kenon,1
Clemens,84
Beauregard,34
Kane,44
Alexis,36
Krishnah,82
Reggy,27
Berton,68
Edgard,32
Kristo,22
Howie,31
Dom,56
Joshuah,81
Stanislaw,95
Buckie,90
Ware,33
Kennan,25
Ryan,16
Reynard,82
Welbie,36
Robb,31
Connor,88
Tannie,80
Ransom,6
Domenic,68
Gherardo,44
Gaspar,98
Svend,28
Maxwell,84
Inglis,3
Adair,77
Perkin,29
Gus,34
Yancey,64
Winn,46
Faber,62
Rutger,84
Elnar,25
Bartholomeus,12
Perice,81
Toby,29
Niko,32
Walther,66
Peder,25
Norrie,95
Kinsley,98
Lucian,64
Eldon,1
Ingra,63
Conn,28
Stearn,62
Rodney,12
Gayle,23
Roddy,72
Hussein,1
Mordecai,35
Teodoor,54
Jephthah,87
Mathew,22
Richard,99
Jeramey,45
Quinton,42
Armando,26
Lyon,17
Brnaba,67
Pascale,10
Shurlocke,72
Nahum,76
Gabriel,1
Aldridge,99
Christopher,85
Teodoro,83
Marlo,30
Friedrick,18
Derwin,71
Reinaldo,7
Bond,55
Tirrell,94
Lawrence,43
Osmund,90
Chuck,89
Ogdan,78
Elijah,53
Graham,14
El,95
Kendrick,32
Wiley,32
Meier,92
Fraze,13
Shepherd,12
Ryley,47
Ade,2
Jecho,20
Chance,90
Quinlan,16
Obidiah,48
Cristian,18
Marco,55
Aube,39
Elihu,79
Wally,91
Herculie,58
Sterne,57
Leicester,55
Barney,43
Morgen,45
Jorgan,59
Rodrick,59
Dilly,6
Garey,61
Niall,78
Alan,67
Trevor,84
Marchall,78
Theodore,42
Abeu,31
Edward,74
Basilius,26
Jesus,2
Donnell,43
Ilaire,2
Keen,23
Emlyn,68
Culver,33
Travis,19
Millard,54
Cliff,55
Vinnie,33
Evyn,33
Cirilo,62
Hayyim,65
Shaw,95
Orville,49
Mikkel,63
Muhammad,52
Urbanus,83
Petey,90
Ignace,10
Johny,9
Wilt,50
Kaiser,71
Delbert,24
Alfonso,30
Cosmo,37
Fremont,44
Cris,42
Rhys,89
Freeman,13
Jaime,18
Kendal,15
Kaine,77
Emmy,21
Ody,37
Merle,40
Dell,60
Bronny,43
Jude,36
Orville,96
Myrvyn,43
Alberik,53
Igor,13
Meryl,30
Kahlil,77
Monro,50
Andre,85
Ty,36
Dallon,39
Godfry,96
Dicky,27
Chilton,21
Jarred,19
Averell,83
Fitzgerald,18
Alphonso,1
Inigo,82
Foster,94
Filberte,98
Evelin,77
Mart,77
Cash,50
Tobe,8
Care,55
Arty,9
Sherwin,44
Niven,54
Emelen,91
Hal,28
Raoul,52
Sonny,73
Thorstein,45
Les,82
Kennith,31
Percival,59
Richmound,42
Englebert,62
Royall,69
Franky,46
Patsy,85
Bartel,100
Joachim,56
Lucho,24
Andrej,30
Boigie,17
Jere,42
Maximilianus,56
Jefferey,40
Xenos,23
Kirby,40
Kean,86
Martyn,80
Percival,66
Cleveland,30
Siward,41
Zaccaria,37
Zed,80
Kennie,3
Vasili,8
Dall,87
Solomon,9
Griffith,73
Tammie,57
Noah,89
Wendel,55
Delano,15
Arty,24
Saxe,83
Urson,31
Ryun,94
Brew,56
Ernestus,88
Nicolai,86
Fletch,91
Ethe,50
Kenon,68
Massimiliano,30
Werner,2
Brendan,59
Dorie,17
Armin,17
Standford,18
Antons,10
Aguistin,16
Kahlil,82
Wash,36
Constantine,38
Monte,79
Frederico,38
Robert,97
Hunfredo,4
Jay,63
Elisha,4
Titus,54
Hagen,62
Mitchell,39
Norrie,8
Giffie,44
Roth,50
Reagen,97
Grenville,70
Welsh,92
Brander,86
Hew,43
Teddie,88
Sly,56
Stavros,51
Devin,48
Duffie,56
Enoch,100
Ferguson,98
Hamnet,62
Finn,64
Perice,86
Ewen,88
Kendricks,80
Duffie,3
Humbert,8
Osborn,46
Kermit,61
Gianni,50
Ingelbert,39
Benoit,49
Eadmund,95
Antoni,21
Thibaut,47
Lenci,92
Luciano,97
Burnard,64
Gawain,17
Ruggiero,94
Brooks,14
Esteban,22
Dagny,73
Frants,59
Abbot,59
Brien,86
Micheal,18
Terrel,12
Daven,88
Robers,51
Chicky,32
Osmond,92
Garret,24
Pascale,58
Patrick,74
Jamey,96
Nickolaus,13
Boyd,18
Andrew,57
Abbey,38
Kip,55
Elton,54
Mischa,72
Rabbi,91
Eugenius,20
Wash,87
Linoel,59
Donny,3
Raviv,79
Marwin,36
Wolf,13
Marco,81
Claudius,93
Sanderson,46
Dillon,44
Georgie,67
Basilius,5
Northrup,57
Christos,69
Faulkner,58
Boycie,99
Alix,66
Thedric,84
Care,85
Pablo,100
Fairlie,88
Alastair,88
Rickard,51
Leonard,34
Cass,99
Toby,45
Jasen,39
Ignazio,62
Chicky,98
Jakob,5
Chester,72
Kingston,42
Mathian,57
Joe,36
Ingram,44
Tann,11
Kennie,18
Chalmers,32
Cordell,13
Humphrey,73
Andrej,21
Tobias,61
Osborn,1
Olivier,98
Mayor,60
Seth,94
Ely,11
Morrie,33
Ravid,28
Ogdon,97
Jasun,66
Albrecht,90
Callean,66
Hasheem,88
Bogart,6
Norrie,77
Craggy,86
Sandro,50
Terence,61
Addie,32
Gibb,83
Stern,86
Fonzie,8
Quincey,39
Nels,55
Denver,76
Maddy,21
Noe,3
Ogden,57
Wiatt,71
Ibrahim,3
Nealson,74
Amble,47
Robinson,46
Hamlin,68
Danny,84
Monte,90
Faber,41
Averil,27
Clim,26
Mendy,10
Thane,96
Armin,30
Royce,62
Hamlen,98
Hilario,73
Adolf,73
Adrien,6
Ira,42
Roddy,9
Serge,52
Osmond,24
Court,32
Keane,47
Yancy,39
Aluin,67
Allan,89
Bernhard,36
Torr,68
Westbrook,76
Carlo,39
Rodrique,39
Corbett,22
Francklin,2
Brad,66
Carly,3
Boniface,68
Leigh,24
Baldwin,86
Haroun,6
Sauveur,24
Brodie,95
Josias,43
Orson,28
Kayne,72
Evelin,19
Vidovic,57
Clevey,46
Euell,68
Samuel,46
Basilio,90
Joshuah,44
Isa,64
Cirstoforo,76
Lewiss,92
Chalmers,41
Bartholemy,55
Manny,5
Adham,78
Denis,32
Taite,7
Travis,89
Arley,96
Cornie,96
Ash,66
Karoly,45
Kerby,6
Mordy,51
Jodi,93
Brok,83
Mendy,29
Rooney,39
Nathanael,17
Alwyn,58
Ellery,27
Neall,5
Stern,64
Ernestus,43
August,92
Filmore,71
Lazare,7
Dana,9
Crawford,71
Layton,79
Gaylor,4
Wally,44
Wilden,92
Arni,12
Thomas,92
Erv,68
Cesar,27
Sebastien,36
Lannie,67
Avrom,62
Tom,96
Sargent,77
Ruperto,65
Silvanus,73
Penny,68
Denny,9
Martie,1
Lezley,79
Willi,36
Hubert,17
Valentijn,63
Jackson,13
Izzy,4
Adam,2
Guntar,38
Arte,71
Ches,22
Derril,18
North,97
Cletus,81
Ced,29
Raynard,99
Nye,77
Denver,83
Nickola,89
Tanny,64
Web,90
Derick,98
Conroy,53
Ulysses,8
Malcolm,32
Nathan,14
Frasier,31
Haskel,58
Alessandro,21
Rockwell,21
Thacher,98
Johnathon,8
Hillery,46
Gaylor,50
Mill,79
Tarrance,16
Ruperto,92
Kimble,51
Waldon,70
Kim,19
Eddy,76
Tobe,58
De witt,65
Yvon,56
Guss,93
Demetris,28
Kristoffer,27
Gabie,14
Hoyt,63
Chancey,82
