Gabi,99
Tripp,83
Wilbert,38
Sutherlan,40
Tarrance,39
Rolando,67
Buiron,45
Felicio,78
Cliff,87
Buckie,1
Kennan,48
Thatcher,12
Cori,82
Pinchas,58
Grantham,21
Pincus,53
Burg,100
Jacob,20
Jermaine,1
Francklin,95
Jason,44
Manolo,77
Had,42
Brad,100
Burk,2
Inglebert,47
Irvine,41
Ellary,69
Brad,93
Jabez,30
Joel,14
Cobby,6
Gonzales,7
Orrin,80
Berky,23
Dana,55
Lannie,55
Tally,11
Guthrie,76
Mike,59
Fidel,83
Shepard,23
Paddy,2
Ahmed,81
Urban,10
Vladamir,31
Benyamin,43
Trevor,69
Penrod,5
Conant,73
Thor,20
Cletus,97
Wyatt,24
Rodrique,19
Salvatore,7
Waylan,41
Carson,55
Forbes,65
Corbin,66
Shanan,42
Saxe,39
Dmitri,3
Thom,90
Rutherford,53
Laughton,49
Dar,26
Hollis,37
Addie,69
Nicolas,92
Walton,40
Norris,52
Mendy,77
Casey,12
Sidney,3
Pen,53
Hoyt,21
Alexander,82
Tom,83
Niles,96
Vassily,13
Gradeigh,90
Emanuel,11
Prent,97
Paddie,67
Adrian,15
Ennis,65
Wallache,18
Waverly,24
Serge,17
Currey,56
Beltran,80
Claybourne,26
Kinnie,71
Matthiew,87
Eldridge,46
Pete,91
Raffaello,25
Demetrius,32
Carson,18
Araldo,5
Llewellyn,10
Nilson,56
Dell,83
Cleveland,36
Humphrey,59
Foster,59
Shelden,39
Fonz,63
Lonny,78
Gideon,60
Huntington,79
Olag,69
Obediah,21
Elnar,93
Mordecai,67
Dieter,85
Boris,15
Loy,9
Locke,63
Boris,94
Thomas,45
Noach,97
Ferd,41
Gerri,34
Witty,45
Xymenes,3
Barris,51
Berk,90
Niven,17
Shamus,69
Ronny,20
Innis,53
Koenraad,6
Anderson,21
Simon,58
Blake,38
Pace,40
Neddy,21
Klaus,56
Guthry,70
Hoyt,19
Valle,92
Nollie,59
Hallsy,84
Webster,92
Trenton,33
Elihu,65
Judon,56
Paulo,63
Arley,70
Pascal,56
Flemming,11
Brew,50
Hubey,90
Dew,80
Beniamino,35
Cly,34
Parsifal,44
Shep,67
Derry,43
Rip,7
Ludvig,88
Nappie,68
Kristo,38
Victoir,80
Andros,43
Norton,34
Aubert,62
Verney,84
Jock,58
Valdemar,46
Yuri,86
Maurise,59
Carey,21
Mendy,86
Royce,60
Guss,89
Darin,49
Erik,13
Dare,95
Piotr,12
Cortie,46
Isidore,86
Jamey,30
Mitchell,26
Fonsie,29
Danya,7
Alon,92
Borg,51
Pembroke,47
Cammy,23
Yuma,96
Lemmie,66
Simon,62
Mozes,58
Abran,42
Theobald,6
Frederico,54
Israel,87
Temple,47
Gabe,100
Ulrick,65
Rogerio,72
Diego,19
Vasili,95
Geoffry,73
Barnabe,85
Anders,33
Stinky,90
Moses,61
Kippar,70
Denys,67
Itch,50
Rolph,73
Gaspard,91
Maddy,49
Terry,25
Archibaldo,2
Thom,49
Conrade,39
Christiano,95
Aluin,11
Conny,2
Arch,61
Chris,19
Jimmie,4
Dell,15
Elmore,73
Percival,18
Artair,59
Paquito,25
Kent,53
Lemmie,60
Horst,68
Trev,8
Dunn,48
Dani,38
Glenn,23
Isaac,4
Had,46
Tobit,92
Rosco,89
Iver,31
Burtie,70
Mile,41
Barnabas,31
Rockey,21
Aubert,11
Christie,49
Billie,28
Theo,96
Harlin,99
Broddy,3
Tybalt,31
Xerxes,68
Rubin,73
Orville,15
Creight,29
Fabian,14
Robers,55
Emmet,33
Gavan,41
Saul,94
Ricoriki,87
Jephthah,40
Jaye,34
Benjie,12
Barnard,81
Patsy,97
Nealy,3
Alair,1
Mozes,64
Waldo,39
Mace,83
Rutter,72
Stanford,20
Erastus,67
Frederico,26
Steven,74
Bernhard,36
Towney,76
El,43
Nathan,59
Syman,54
Maurie,19
Donaugh,19
Rickey,4
Aloin,41
Hamlin,59
Jackie,12
Ulric,46
Lionel,49
Rene,74
Syman,72
Dane,61
Angel,98
Bay,79
Herrick,25
Winthrop,51
Sherm,46
Pierson,16
Alair,92
Kelbee,78
Chevalier,10
Giacopo,26
Baird,97
Tabby,69
Olvan,55
Wallache,47
Roy,46
Umberto,70
Milton,36
Kinnie,55
Ken,81
Judon,78
Bayard,61
Peder,84
Whitby,92
Merwyn,9
Pietro,91
Rouvin,5
Upton,24
Diego,30
Caddric,86
Duane,68
Base,47
Augy,15
Ruben,96
Gard,82
Reider,9
Archibaldo,24
Bryant,40
Charlie,42
Bailie,49
Chane,11
Lon,21
Stanfield,38
Merle,68
Ax,89
Oswald,95
Tracie,50
Cad,40
Skipp,92
Hank,75
Delmor,67
Keene,86
Olag,64
Jeddy,81
Oswald,75
Falito,32
Ahmed,24
Tibold,21
Taylor,86
Zedekiah,51
Alfonse,73
Garik,10
Nikos,61
Kylie,75
Jud,20
Pippo,80
Rutger,74
Wells,68
Bernie,25
Lazaro,17
Ulrich,76
Francisco,27
Nollie,68
Wilden,87
Alfred,62
Tedman,61
Irvin,5
Findley,85
Keene,29
Eugen,6
Brennan,40
Erhard,63
Fredrick,44
Tremaine,10
Alvis,56
Hailey,45
Hal,41
Ansell,71
Klement,22
Sherwynd,72
Ford,45
Darby,46
Zeb,91
Arney,61
Zacharie,94
Everett,78
Niccolo,4
Roscoe,48
Zollie,57
Petey,85
Rodolph,77
Roarke,38
Trevor,42
Ignazio,39
Nathan,6
Kele,89
Quinn,31
Gannon,30
Archer,74
Marcel,12
Vaughn,61
Merwyn,46
Raff,19
Ric,85
Julio,99
Julie,95
York,59
Brnaba,24
Normie,82
Clair,19
Virgilio,95
Maxie,45
Penrod,68
Herby,58
Dermot,50
Montague,60
Penn,39
Budd,63
Haroun,21
Bradney,59
Guillermo,23
Brien,9
Araldo,22
Nicola,77
Lawton,7
Baldwin,13
Burt,32
George,65
Herman,94
Sam,4
Raffaello,10
Archibold,98
Erny,100
Rees,22
Dilan,75
Ewan,28
Zachariah,22
Niven,45
Hogan,12
Stanislaw,74
Nichole,89
Shaw,37
Rudolf,7
Redd,74
Geri,52
Bartholomew,54
Jareb,70
Nicola,95
Gardener,40
Alfred,88
Brien,43
Hamilton,97
Rochester,38
Koenraad,70
Zacharia,27
Fraser,96
Jamie,99
Saul,70
Dale,96
Chevalier,74
Blayne,59
Hillyer,53
Lionel,61
Wilek,27
Dur,64
Thoma,18
Tedie,74
Randolph,59
Ryan,69
Rem,32
Lawrence,85
Bastien,41
Oswell,16
Valentin,54
Davon,53
Hazel,75
Shurlocke,27
Haydon,7
Gordy,82
Giselbert,96
Goober,50
Jeff,55
Burr,2
Wilden,92
Earvin,72
Alessandro,89
Kenyon,25
Mohandas,34
Bruno,14
Matias,86
Antoni,27
Elroy,43
Ingmar,9
Baird,30
Harmon,71
Lothario,58
Jaye,64
Tallie,71
Tabb,50
Ellerey,16
Brendon,66
Barnie,41
Rogers,63
Sheridan,63
Olly,64
Georas,88
Dylan,63
Alvy,60
Guglielmo,5
Brewster,57
Chuck,17
Aldon,58
Marv,57
Biron,29
Barnebas,31
Jock,65
Peder,41
Chance,93
Eddy,29
Kristopher,27
Olag,36
Irwinn,27
Kipp,54
Den,62
Alford,89
Wilhelm,67
Moss,88
Ruddy,20
Ermanno,43
Tabb,20
Joshuah,66
Jeremias,68
Amory,56
Isador,69
Hilary,93
Ethan,35
Dennie,100
Taber,86
Mort,8
Shae,67
Kelby,18
Galen,44
Giselbert,78
Percival,81
Malchy,19
Rudiger,27
Dan,23
Hall,61
Zebedee,3
Dwight,1
Hayyim,85
Sigfried,26
Kelsey,31
Car,21
Giffer,96
Trent,66
Palm,12
Clim,33
Rik,85
Wendell,69
Matteo,58
Norry,27
Clifford,56
Boyd,4
Silvester,25
Urban,68
Zachariah,21
Lewie,54
Luce,84
Flem,96
Leroi,67
Elbert,24
Mayer,53
Cal,57
Lek,73
Valentin,3
Brody,3
Dalton,71
Fredric,53
Thorny,22
Julie,100
Aldric,81
Hunter,74
Zeke,92
Georg,38
Jarvis,6
Garth,97
Bengt,80
Blake,67
Padgett,6
Willard,95
Baxy,64
Patrice,21
Denis,48
Othello,98
Onfroi,60
Welby,57
Rafael,98
Cleve,28
Brock,22
Matthus,66
Temple,7
Gallagher,39
Brockie,77
Thaddus,17
Riley,8
Darren,89
Ryan,58
Barney,64
Everett,35
Fredrick,98
Rex,89
Tomaso,66
Clevey,3
Dell,90
Kurt,87
Chadwick,17
Curr,38
Garik,62
Errol,73
Haywood,15
Bard,91
Malchy,86
George,50
Nicolis,43
Ruddy,1
Pacorro,61
Clemmie,33
Alfonse,25
Neil,8
Trefor,99
Carling,58
Lamar,46
Hector,67
Frank,87
Clyde,80
Dene,72
Llywellyn,9
Kendal,23
Sholom,26
Darby,100
Kristofor,50
Eugenio,15
Reg,40
Brannon,19
Tudor,56
Consalve,65
Artemas,43
Farlay,12
Quent,35
Peder,47
Pepillo,62
Paco,90
Torrance,73
Teodor,94
Valentino,11
Dur,43
Lenci,89
Jasper,23
Ogdon,8
Stinky,67
Dov,18
Ikey,34
Aloysius,30
Myron,91
Had,44
Waylen,78
Dicky,15
Baily,27
Andrew,84
Shepard,86
Arin,14
Shay,81
Case,45
Quinlan,41
Matt,90
Vin,29
Kevon,88
Garfield,46
Paxton,91
Horatius,78
Kele,43
Tuck,36
Berk,67
Neddie,59
Hugues,42
Roth,44
Wallis,50
Jamil,77
Benny,83
Ezri,2
Paco,41
Herschel,46
Griff,88
Buddie,97
Jules,15
Rorke,92
Norrie,62
Marv,54
Rodney,68
Lanie,10
Colas,8
Lane,78
Minor,62
Ulberto,3
Wayland,8
Morey,57
Mandel,76
Westbrooke,17
Loydie,74
Menard,35
Putnem,10
Roberto,55
Sibyl,99
Orran,14
Boote,10
Hoyt,31
Talbot,35
Tann,24
Errick,51
Fielding,68
Mitchell,87
Daven,19
Maximilianus,100
Wilden,4
Jimmie,80
Ramsay,9
Bard,8
Jermain,29
Page,80
Hieronymus,43
Petey,84
Bryanty,66
Ikey,18
Shurlock,62
Nefen,65
Ogdan,72
Manuel,79
Augy,80
Adams,80
Alvin,34
Fabiano,17
Giffer,75
Art,76
Artur,45
Wadsworth,26
Nickolai,49
Arny,86
Horten,73
Jonathon,86
Lucius,18
Boot,2
Flint,67
Gianni,2
Bartie,16
Uriel,61
Wolf,48
Wallache,13
Xymenes,6
Wayland,96
Reinaldo,64
Talbot,44
Domenic,86
Julio,8
Kincaid,53
Humberto,2
Javier,58
Dennison,97
Burty,71
Thedric,84
Rockey,29
Isaak,65
Jarrid,3
Fielding,55
Salmon,59
Roarke,96
Sammy,76
Federico,13
Launce,89
Caldwell,32
Estevan,99
Montgomery,20
Ali,4
Lindsay,46
Borden,72
Teodoor,46
Abdel,64
Che,24
Orin,81
Ichabod,93
Farley,63
Claudio,34
Webb,21
Brenden,28
Caspar,96
Lon,77
Cly,16
Uriah,27
Aubert,12
Keelby,26
Mickey,33
Edward,63
Judon,43
Garek,55
Rodney,18
Bern,59
Whit,9
Alwyn,28
Sylvester,90
Nathanial,24
Manfred,89
Dewain,73
Whitney,27
Dore,12
Kleon,23
Hewe,96
Vasili,28
Shamus,9
Kleon,100
Myron,96
Antoine,69
Bancroft,36
Sly,10
Sumner,95
Wainwright,13
Wald,81
Uriel,72
Uriah,24
Kerry,65
Lombard,89
Cheston,96
Udell,9
Tiebout,1
Addison,82
Cullin,86
Herbert,3
Antoni,15
Tammy,72
Alfonso,36
Ernesto,69
Mervin,75
Borden,89
Ogdan,33
Garreth,78
Tades,64
Zelig,67
Jimmy,3
Pembroke,92
Pancho,60
Peadar,5
Linc,18
Jayme,23
Barnard,1
Craig,80
Ryun,81
Traver,25
Sebastien,92
Stanislaus,79
Pen,91
Cullie,59
Averill,84
Jarib,73
Nikos,87
Ronnie,92
Gunther,53
Aguistin,42
Nobe,48
Mile,60
Adler,45
Geno,34
Niels,50
Shae,5
Bud,6
Karlis,45
Aland,84
Davey,24
Mar,88
Fraser,82
Killy,24
Carlyle,41
Nahum,29
Bald,93
Giffard,51
Rurik,10
Brannon,76
Waiter,18
Perry,59
Saunderson,61
Rourke,25
Kim,60
Noll,14
Cyrill,29
Francklyn,48
Eldon,96
Alfons,53
Mason,19
Johnathan,35
Jedidiah,80
Trent,43
Brook,30
Lyle,44
Brennan,37
Wayne,18
Jarrid,38
Luca,15
Knox,9
Jesus,20
Cesaro,31
Ahmad,8
Paddy,44
Woodie,8
Durand,68
Clement,37
Chrissy,76
De witt,42
Conrad,26
Jock,43
Vassili,93
Tristam,14
Guillermo,97
Walden,72
Trevor,31
Kincaid,46
Jeth,41
Adan,81
Kerr,65
Chan,61
Kelly,53
Darrell,67
Wain,84
Grace,28
Chickie,31
Sunny,70
Joshia,4
Kalle,20
Jeremy,45
Kean,6
Sully,93
Major,52
Ike,37
Derick,14
Meryl,3
Ashbey,77
Dalt,30
Ody,73
Byrom,86
Jerrome,48
Albert,83
Gawen,59
Bryanty,1
Baldwin,56
Fransisco,10
Devin,76
Dale,59
Saleem,16
Aldin,72
Basilio,28
Wilfred,28
Miltie,34
Rolf,47
Friedrick,71
Ximenes,80
Andros,31
Towney,12
Antin,92
Stanton,91
Pinchas,7
Manfred,56
Dennison,53
Curcio,77
Perry,35
Ario,73
Alexei,26
Barny,32
Laney,23
Linoel,58
Moss,5
Lancelot,12
Rudy,37
Jeremiah,33
Park,12
Aloin,47
Redford,98
Tye,59
Kit,62
Emelen,55
Markus,66
Morse,15
Johny,52
Markus,85
Mandel,23
Paddie,49
Lowell,69
Alain,92
Geoff,54
Gasparo,90
